raceId,year,round,circuitId,name,date,fp1_date,fp1_time,fp2_date,fp2_time,fp3_date,fp3_time,quali_date,quali_time,sprint_date,sprint_time
1,2009,1,1,Australian Grand Prix,29-03-09,,,,,,,,,,
2,2009,2,2,Malaysian Grand Prix,05-04-09,,,,,,,,,,
3,2009,3,17,Chinese Grand Prix,19-04-09,,,,,,,,,,
4,2009,4,3,Bahrain Grand Prix,26-04-09,,,,,,,,,,
5,2009,5,4,Spanish Grand Prix,10-05-09,,,,,,,,,,
6,2009,6,6,Monaco Grand Prix,24-05-09,,,,,,,,,,
7,2009,7,5,Turkish Grand Prix,07-06-09,,,,,,,,,,
8,2009,8,9,British Grand Prix,21-06-09,,,,,,,,,,
9,2009,9,20,German Grand Prix,12-07-09,,,,,,,,,,
10,2009,10,11,Hungarian Grand Prix,26-07-09,,,,,,,,,,
11,2009,11,12,European Grand Prix,23-08-09,,,,,,,,,,
12,2009,12,13,Belgian Grand Prix,30-08-09,,,,,,,,,,
13,2009,13,14,Italian Grand Prix,13-09-09,,,,,,,,,,
14,2009,14,15,Singapore Grand Prix,27-09-09,,,,,,,,,,
15,2009,15,22,Japanese Grand Prix,04-10-09,,,,,,,,,,
16,2009,16,18,Brazilian Grand Prix,18-10-09,,,,,,,,,,
17,2009,17,24,Abu Dhabi Grand Prix,01-11-09,,,,,,,,,,
18,2008,1,1,Australian Grand Prix,16-03-08,,,,,,,,,,
19,2008,2,2,Malaysian Grand Prix,23-03-08,,,,,,,,,,
20,2008,3,3,Bahrain Grand Prix,06-04-08,,,,,,,,,,
21,2008,4,4,Spanish Grand Prix,27-04-08,,,,,,,,,,
22,2008,5,5,Turkish Grand Prix,11-05-08,,,,,,,,,,
23,2008,6,6,Monaco Grand Prix,25-05-08,,,,,,,,,,
24,2008,7,7,Canadian Grand Prix,08-06-08,,,,,,,,,,
25,2008,8,8,French Grand Prix,22-06-08,,,,,,,,,,
26,2008,9,9,British Grand Prix,06-07-08,,,,,,,,,,
27,2008,10,10,German Grand Prix,20-07-08,,,,,,,,,,
28,2008,11,11,Hungarian Grand Prix,03-08-08,,,,,,,,,,
29,2008,12,12,European Grand Prix,24-08-08,,,,,,,,,,
30,2008,13,13,Belgian Grand Prix,07-09-08,,,,,,,,,,
31,2008,14,14,Italian Grand Prix,14-09-08,,,,,,,,,,
32,2008,15,15,Singapore Grand Prix,28-09-08,,,,,,,,,,
33,2008,16,16,Japanese Grand Prix,12-10-08,,,,,,,,,,
34,2008,17,17,Chinese Grand Prix,19-10-08,,,,,,,,,,
35,2008,18,18,Brazilian Grand Prix,02-11-08,,,,,,,,,,
36,2007,1,1,Australian Grand Prix,18-03-07,,,,,,,,,,
37,2007,2,2,Malaysian Grand Prix,08-04-07,,,,,,,,,,
38,2007,3,3,Bahrain Grand Prix,15-04-07,,,,,,,,,,
39,2007,4,4,Spanish Grand Prix,13-05-07,,,,,,,,,,
40,2007,5,6,Monaco Grand Prix,27-05-07,,,,,,,,,,
41,2007,6,7,Canadian Grand Prix,10-06-07,,,,,,,,,,
42,2007,7,19,United States Grand Prix,17-06-07,,,,,,,,,,
43,2007,8,8,French Grand Prix,01-07-07,,,,,,,,,,
44,2007,9,9,British Grand Prix,08-07-07,,,,,,,,,,
45,2007,10,20,European Grand Prix,22-07-07,,,,,,,,,,
46,2007,11,11,Hungarian Grand Prix,05-08-07,,,,,,,,,,
47,2007,12,5,Turkish Grand Prix,26-08-07,,,,,,,,,,
48,2007,13,14,Italian Grand Prix,09-09-07,,,,,,,,,,
49,2007,14,13,Belgian Grand Prix,16-09-07,,,,,,,,,,
50,2007,15,16,Japanese Grand Prix,30-09-07,,,,,,,,,,
51,2007,16,17,Chinese Grand Prix,07-10-07,,,,,,,,,,
52,2007,17,18,Brazilian Grand Prix,21-10-07,,,,,,,,,,
53,2006,1,3,Bahrain Grand Prix,12-03-06,,,,,,,,,,
54,2006,2,2,Malaysian Grand Prix,19-03-06,,,,,,,,,,
55,2006,3,1,Australian Grand Prix,02-04-06,,,,,,,,,,
56,2006,4,21,San Marino Grand Prix,23-04-06,,,,,,,,,,
57,2006,5,20,European Grand Prix,07-05-06,,,,,,,,,,
58,2006,6,4,Spanish Grand Prix,14-05-06,,,,,,,,,,
59,2006,7,6,Monaco Grand Prix,28-05-06,,,,,,,,,,
60,2006,8,9,British Grand Prix,11-06-06,,,,,,,,,,
61,2006,9,7,Canadian Grand Prix,25-06-06,,,,,,,,,,
62,2006,10,19,United States Grand Prix,02-07-06,,,,,,,,,,
63,2006,11,8,French Grand Prix,16-07-06,,,,,,,,,,
64,2006,12,10,German Grand Prix,30-07-06,,,,,,,,,,
65,2006,13,11,Hungarian Grand Prix,06-08-06,,,,,,,,,,
66,2006,14,5,Turkish Grand Prix,27-08-06,,,,,,,,,,
67,2006,15,14,Italian Grand Prix,10-09-06,,,,,,,,,,
68,2006,16,17,Chinese Grand Prix,01-10-06,,,,,,,,,,
69,2006,17,22,Japanese Grand Prix,08-10-06,,,,,,,,,,
70,2006,18,18,Brazilian Grand Prix,22-10-06,,,,,,,,,,
71,2005,1,1,Australian Grand Prix,06-03-05,,,,,,,,,,
72,2005,2,2,Malaysian Grand Prix,20-03-05,,,,,,,,,,
73,2005,3,3,Bahrain Grand Prix,03-04-05,,,,,,,,,,
74,2005,4,21,San Marino Grand Prix,24-04-05,,,,,,,,,,
75,2005,5,4,Spanish Grand Prix,08-05-05,,,,,,,,,,
76,2005,6,6,Monaco Grand Prix,22-05-05,,,,,,,,,,
77,2005,7,20,European Grand Prix,29-05-05,,,,,,,,,,
78,2005,8,7,Canadian Grand Prix,12-06-05,,,,,,,,,,
79,2005,9,19,United States Grand Prix,19-06-05,,,,,,,,,,
80,2005,10,8,French Grand Prix,03-07-05,,,,,,,,,,
81,2005,11,9,British Grand Prix,10-07-05,,,,,,,,,,
82,2005,12,10,German Grand Prix,24-07-05,,,,,,,,,,
83,2005,13,11,Hungarian Grand Prix,31-07-05,,,,,,,,,,
84,2005,14,5,Turkish Grand Prix,21-08-05,,,,,,,,,,
85,2005,15,14,Italian Grand Prix,04-09-05,,,,,,,,,,
86,2005,16,13,Belgian Grand Prix,11-09-05,,,,,,,,,,
87,2005,17,18,Brazilian Grand Prix,25-09-05,,,,,,,,,,
88,2005,18,22,Japanese Grand Prix,09-10-05,,,,,,,,,,
89,2005,19,17,Chinese Grand Prix,16-10-05,,,,,,,,,,
90,2004,1,1,Australian Grand Prix,07-03-04,,,,,,,,,,
91,2004,2,2,Malaysian Grand Prix,21-03-04,,,,,,,,,,
92,2004,3,3,Bahrain Grand Prix,04-04-04,,,,,,,,,,
93,2004,4,21,San Marino Grand Prix,25-04-04,,,,,,,,,,
94,2004,5,4,Spanish Grand Prix,09-05-04,,,,,,,,,,
95,2004,6,6,Monaco Grand Prix,23-05-04,,,,,,,,,,
96,2004,7,20,European Grand Prix,30-05-04,,,,,,,,,,
97,2004,8,7,Canadian Grand Prix,13-06-04,,,,,,,,,,
98,2004,9,19,United States Grand Prix,20-06-04,,,,,,,,,,
99,2004,10,8,French Grand Prix,04-07-04,,,,,,,,,,
100,2004,11,9,British Grand Prix,11-07-04,,,,,,,,,,
101,2004,12,10,German Grand Prix,25-07-04,,,,,,,,,,
102,2004,13,11,Hungarian Grand Prix,15-08-04,,,,,,,,,,
103,2004,14,13,Belgian Grand Prix,29-08-04,,,,,,,,,,
104,2004,15,14,Italian Grand Prix,12-09-04,,,,,,,,,,
105,2004,16,17,Chinese Grand Prix,26-09-04,,,,,,,,,,
106,2004,17,22,Japanese Grand Prix,10-10-04,,,,,,,,,,
107,2004,18,18,Brazilian Grand Prix,24-10-04,,,,,,,,,,
108,2003,1,1,Australian Grand Prix,09-03-03,,,,,,,,,,
109,2003,2,2,Malaysian Grand Prix,23-03-03,,,,,,,,,,
110,2003,3,18,Brazilian Grand Prix,06-04-03,,,,,,,,,,
111,2003,4,21,San Marino Grand Prix,20-04-03,,,,,,,,,,
112,2003,5,4,Spanish Grand Prix,04-05-03,,,,,,,,,,
113,2003,6,70,Austrian Grand Prix,18-05-03,,,,,,,,,,
114,2003,7,6,Monaco Grand Prix,01-06-03,,,,,,,,,,
115,2003,8,7,Canadian Grand Prix,15-06-03,,,,,,,,,,
116,2003,9,20,European Grand Prix,29-06-03,,,,,,,,,,
117,2003,10,8,French Grand Prix,06-07-03,,,,,,,,,,
118,2003,11,9,British Grand Prix,20-07-03,,,,,,,,,,
119,2003,12,10,German Grand Prix,03-08-03,,,,,,,,,,
120,2003,13,11,Hungarian Grand Prix,24-08-03,,,,,,,,,,
121,2003,14,14,Italian Grand Prix,14-09-03,,,,,,,,,,
122,2003,15,19,United States Grand Prix,28-09-03,,,,,,,,,,
123,2003,16,22,Japanese Grand Prix,12-10-03,,,,,,,,,,
124,2002,1,1,Australian Grand Prix,03-03-02,,,,,,,,,,
125,2002,2,2,Malaysian Grand Prix,17-03-02,,,,,,,,,,
126,2002,3,18,Brazilian Grand Prix,31-03-02,,,,,,,,,,
127,2002,4,21,San Marino Grand Prix,14-04-02,,,,,,,,,,
128,2002,5,4,Spanish Grand Prix,28-04-02,,,,,,,,,,
129,2002,6,70,Austrian Grand Prix,12-05-02,,,,,,,,,,
130,2002,7,6,Monaco Grand Prix,26-05-02,,,,,,,,,,
131,2002,8,7,Canadian Grand Prix,09-06-02,,,,,,,,,,
132,2002,9,20,European Grand Prix,23-06-02,,,,,,,,,,
133,2002,10,9,British Grand Prix,07-07-02,,,,,,,,,,
134,2002,11,8,French Grand Prix,21-07-02,,,,,,,,,,
135,2002,12,10,German Grand Prix,28-07-02,,,,,,,,,,
136,2002,13,11,Hungarian Grand Prix,18-08-02,,,,,,,,,,
137,2002,14,13,Belgian Grand Prix,01-09-02,,,,,,,,,,
138,2002,15,14,Italian Grand Prix,15-09-02,,,,,,,,,,
139,2002,16,19,United States Grand Prix,29-09-02,,,,,,,,,,
140,2002,17,22,Japanese Grand Prix,13-10-02,,,,,,,,,,
141,2001,1,1,Australian Grand Prix,04-03-01,,,,,,,,,,
142,2001,2,2,Malaysian Grand Prix,18-03-01,,,,,,,,,,
143,2001,3,18,Brazilian Grand Prix,01-04-01,,,,,,,,,,
144,2001,4,21,San Marino Grand Prix,15-04-01,,,,,,,,,,
145,2001,5,4,Spanish Grand Prix,29-04-01,,,,,,,,,,
146,2001,6,70,Austrian Grand Prix,13-05-01,,,,,,,,,,
147,2001,7,6,Monaco Grand Prix,27-05-01,,,,,,,,,,
148,2001,8,7,Canadian Grand Prix,10-06-01,,,,,,,,,,
149,2001,9,20,European Grand Prix,24-06-01,,,,,,,,,,
150,2001,10,8,French Grand Prix,01-07-01,,,,,,,,,,
151,2001,11,9,British Grand Prix,15-07-01,,,,,,,,,,
152,2001,12,10,German Grand Prix,29-07-01,,,,,,,,,,
153,2001,13,11,Hungarian Grand Prix,19-08-01,,,,,,,,,,
154,2001,14,13,Belgian Grand Prix,02-09-01,,,,,,,,,,
155,2001,15,14,Italian Grand Prix,16-09-01,,,,,,,,,,
156,2001,16,19,United States Grand Prix,30-09-01,,,,,,,,,,
157,2001,17,22,Japanese Grand Prix,14-10-01,,,,,,,,,,
158,2000,1,1,Australian Grand Prix,12-03-00,,,,,,,,,,
159,2000,2,18,Brazilian Grand Prix,26-03-00,,,,,,,,,,
160,2000,3,21,San Marino Grand Prix,09-04-00,,,,,,,,,,
161,2000,4,9,British Grand Prix,23-04-00,,,,,,,,,,
162,2000,5,4,Spanish Grand Prix,07-05-00,,,,,,,,,,
163,2000,6,20,European Grand Prix,21-05-00,,,,,,,,,,
164,2000,7,6,Monaco Grand Prix,04-06-00,,,,,,,,,,
165,2000,8,7,Canadian Grand Prix,18-06-00,,,,,,,,,,
166,2000,9,8,French Grand Prix,02-07-00,,,,,,,,,,
167,2000,10,70,Austrian Grand Prix,16-07-00,,,,,,,,,,
168,2000,11,10,German Grand Prix,30-07-00,,,,,,,,,,
169,2000,12,11,Hungarian Grand Prix,13-08-00,,,,,,,,,,
170,2000,13,13,Belgian Grand Prix,27-08-00,,,,,,,,,,
171,2000,14,14,Italian Grand Prix,10-09-00,,,,,,,,,,
172,2000,15,19,United States Grand Prix,24-09-00,,,,,,,,,,
173,2000,16,22,Japanese Grand Prix,08-10-00,,,,,,,,,,
174,2000,17,2,Malaysian Grand Prix,22-10-00,,,,,,,,,,
175,1999,1,1,Australian Grand Prix,07-03-99,,,,,,,,,,
176,1999,2,18,Brazilian Grand Prix,11-04-99,,,,,,,,,,
177,1999,3,21,San Marino Grand Prix,02-05-99,,,,,,,,,,
178,1999,4,6,Monaco Grand Prix,16-05-99,,,,,,,,,,
179,1999,5,4,Spanish Grand Prix,30-05-99,,,,,,,,,,
180,1999,6,7,Canadian Grand Prix,13-06-99,,,,,,,,,,
181,1999,7,8,French Grand Prix,27-06-99,,,,,,,,,,
182,1999,8,9,British Grand Prix,11-07-99,,,,,,,,,,
183,1999,9,70,Austrian Grand Prix,25-07-99,,,,,,,,,,
184,1999,10,10,German Grand Prix,01-08-99,,,,,,,,,,
185,1999,11,11,Hungarian Grand Prix,15-08-99,,,,,,,,,,
186,1999,12,13,Belgian Grand Prix,29-08-99,,,,,,,,,,
187,1999,13,14,Italian Grand Prix,12-09-99,,,,,,,,,,
188,1999,14,20,European Grand Prix,26-09-99,,,,,,,,,,
189,1999,15,2,Malaysian Grand Prix,17-10-99,,,,,,,,,,
190,1999,16,22,Japanese Grand Prix,31-10-99,,,,,,,,,,
191,1998,1,1,Australian Grand Prix,08-03-98,,,,,,,,,,
192,1998,2,18,Brazilian Grand Prix,29-03-98,,,,,,,,,,
193,1998,3,25,Argentine Grand Prix,12-04-98,,,,,,,,,,
194,1998,4,21,San Marino Grand Prix,26-04-98,,,,,,,,,,
195,1998,5,4,Spanish Grand Prix,10-05-98,,,,,,,,,,
196,1998,6,6,Monaco Grand Prix,24-05-98,,,,,,,,,,
197,1998,7,7,Canadian Grand Prix,07-06-98,,,,,,,,,,
198,1998,8,8,French Grand Prix,28-06-98,,,,,,,,,,
199,1998,9,9,British Grand Prix,12-07-98,,,,,,,,,,
200,1998,10,70,Austrian Grand Prix,26-07-98,,,,,,,,,,
201,1998,11,10,German Grand Prix,02-08-98,,,,,,,,,,
202,1998,12,11,Hungarian Grand Prix,16-08-98,,,,,,,,,,
203,1998,13,13,Belgian Grand Prix,30-08-98,,,,,,,,,,
204,1998,14,14,Italian Grand Prix,13-09-98,,,,,,,,,,
205,1998,15,20,Luxembourg Grand Prix,27-09-98,,,,,,,,,,
206,1998,16,22,Japanese Grand Prix,01-11-98,,,,,,,,,,
207,1997,1,1,Australian Grand Prix,09-03-97,,,,,,,,,,
208,1997,2,18,Brazilian Grand Prix,30-03-97,,,,,,,,,,
209,1997,3,25,Argentine Grand Prix,13-04-97,,,,,,,,,,
210,1997,4,21,San Marino Grand Prix,27-04-97,,,,,,,,,,
211,1997,5,6,Monaco Grand Prix,11-05-97,,,,,,,,,,
212,1997,6,4,Spanish Grand Prix,25-05-97,,,,,,,,,,
213,1997,7,7,Canadian Grand Prix,15-06-97,,,,,,,,,,
214,1997,8,8,French Grand Prix,29-06-97,,,,,,,,,,
215,1997,9,9,British Grand Prix,13-07-97,,,,,,,,,,
216,1997,10,10,German Grand Prix,27-07-97,,,,,,,,,,
217,1997,11,11,Hungarian Grand Prix,10-08-97,,,,,,,,,,
218,1997,12,13,Belgian Grand Prix,24-08-97,,,,,,,,,,
219,1997,13,14,Italian Grand Prix,07-09-97,,,,,,,,,,
220,1997,14,70,Austrian Grand Prix,21-09-97,,,,,,,,,,
221,1997,15,20,Luxembourg Grand Prix,28-09-97,,,,,,,,,,
222,1997,16,22,Japanese Grand Prix,12-10-97,,,,,,,,,,
223,1997,17,26,European Grand Prix,26-10-97,,,,,,,,,,
224,1996,1,1,Australian Grand Prix,10-03-96,,,,,,,,,,
225,1996,2,18,Brazilian Grand Prix,31-03-96,,,,,,,,,,
226,1996,3,25,Argentine Grand Prix,07-04-96,,,,,,,,,,
227,1996,4,20,European Grand Prix,28-04-96,,,,,,,,,,
228,1996,5,21,San Marino Grand Prix,05-05-96,,,,,,,,,,
229,1996,6,6,Monaco Grand Prix,19-05-96,,,,,,,,,,
230,1996,7,4,Spanish Grand Prix,02-06-96,,,,,,,,,,
231,1996,8,7,Canadian Grand Prix,16-06-96,,,,,,,,,,
232,1996,9,8,French Grand Prix,30-06-96,,,,,,,,,,
233,1996,10,9,British Grand Prix,14-07-96,,,,,,,,,,
234,1996,11,10,German Grand Prix,28-07-96,,,,,,,,,,
235,1996,12,11,Hungarian Grand Prix,11-08-96,,,,,,,,,,
236,1996,13,13,Belgian Grand Prix,25-08-96,,,,,,,,,,
237,1996,14,14,Italian Grand Prix,08-09-96,,,,,,,,,,
238,1996,15,27,Portuguese Grand Prix,22-09-96,,,,,,,,,,
239,1996,16,22,Japanese Grand Prix,13-10-96,,,,,,,,,,
240,1995,1,18,Brazilian Grand Prix,26-03-95,,,,,,,,,,
241,1995,2,25,Argentine Grand Prix,09-04-95,,,,,,,,,,
242,1995,3,21,San Marino Grand Prix,30-04-95,,,,,,,,,,
243,1995,4,4,Spanish Grand Prix,14-05-95,,,,,,,,,,
244,1995,5,6,Monaco Grand Prix,28-05-95,,,,,,,,,,
245,1995,6,7,Canadian Grand Prix,11-06-95,,,,,,,,,,
246,1995,7,8,French Grand Prix,02-07-95,,,,,,,,,,
247,1995,8,9,British Grand Prix,16-07-95,,,,,,,,,,
248,1995,9,10,German Grand Prix,30-07-95,,,,,,,,,,
249,1995,10,11,Hungarian Grand Prix,13-08-95,,,,,,,,,,
250,1995,11,13,Belgian Grand Prix,27-08-95,,,,,,,,,,
251,1995,12,14,Italian Grand Prix,10-09-95,,,,,,,,,,
252,1995,13,27,Portuguese Grand Prix,24-09-95,,,,,,,,,,
253,1995,14,20,European Grand Prix,01-10-95,,,,,,,,,,
254,1995,15,28,Pacific Grand Prix,22-10-95,,,,,,,,,,
255,1995,16,22,Japanese Grand Prix,29-10-95,,,,,,,,,,
256,1995,17,29,Australian Grand Prix,12-11-95,,,,,,,,,,
257,1994,1,18,Brazilian Grand Prix,27-03-94,,,,,,,,,,
258,1994,2,28,Pacific Grand Prix,17-04-94,,,,,,,,,,
259,1994,3,21,San Marino Grand Prix,01-05-94,,,,,,,,,,
260,1994,4,6,Monaco Grand Prix,15-05-94,,,,,,,,,,
261,1994,5,4,Spanish Grand Prix,29-05-94,,,,,,,,,,
262,1994,6,7,Canadian Grand Prix,12-06-94,,,,,,,,,,
263,1994,7,8,French Grand Prix,03-07-94,,,,,,,,,,
264,1994,8,9,British Grand Prix,10-07-94,,,,,,,,,,
265,1994,9,10,German Grand Prix,31-07-94,,,,,,,,,,
266,1994,10,11,Hungarian Grand Prix,14-08-94,,,,,,,,,,
267,1994,11,13,Belgian Grand Prix,28-08-94,,,,,,,,,,
268,1994,12,14,Italian Grand Prix,11-09-94,,,,,,,,,,
269,1994,13,27,Portuguese Grand Prix,25-09-94,,,,,,,,,,
270,1994,14,26,European Grand Prix,16-10-94,,,,,,,,,,
271,1994,15,22,Japanese Grand Prix,06-11-94,,,,,,,,,,
272,1994,16,29,Australian Grand Prix,13-11-94,,,,,,,,,,
273,1993,1,30,South African Grand Prix,14-03-93,,,,,,,,,,
274,1993,2,18,Brazilian Grand Prix,28-03-93,,,,,,,,,,
275,1993,3,31,European Grand Prix,11-04-93,,,,,,,,,,
276,1993,4,21,San Marino Grand Prix,25-04-93,,,,,,,,,,
277,1993,5,4,Spanish Grand Prix,09-05-93,,,,,,,,,,
278,1993,6,6,Monaco Grand Prix,23-05-93,,,,,,,,,,
279,1993,7,7,Canadian Grand Prix,13-06-93,,,,,,,,,,
280,1993,8,8,French Grand Prix,04-07-93,,,,,,,,,,
281,1993,9,9,British Grand Prix,11-07-93,,,,,,,,,,
282,1993,10,10,German Grand Prix,25-07-93,,,,,,,,,,
283,1993,11,11,Hungarian Grand Prix,15-08-93,,,,,,,,,,
284,1993,12,13,Belgian Grand Prix,29-08-93,,,,,,,,,,
285,1993,13,14,Italian Grand Prix,12-09-93,,,,,,,,,,
286,1993,14,27,Portuguese Grand Prix,26-09-93,,,,,,,,,,
287,1993,15,22,Japanese Grand Prix,24-10-93,,,,,,,,,,
288,1993,16,29,Australian Grand Prix,07-11-93,,,,,,,,,,
289,1992,1,30,South African Grand Prix,01-03-92,,,,,,,,,,
290,1992,2,32,Mexican Grand Prix,22-03-92,,,,,,,,,,
291,1992,3,18,Brazilian Grand Prix,05-04-92,,,,,,,,,,
292,1992,4,4,Spanish Grand Prix,03-05-92,,,,,,,,,,
293,1992,5,21,San Marino Grand Prix,17-05-92,,,,,,,,,,
294,1992,6,6,Monaco Grand Prix,31-05-92,,,,,,,,,,
295,1992,7,7,Canadian Grand Prix,14-06-92,,,,,,,,,,
296,1992,8,8,French Grand Prix,05-07-92,,,,,,,,,,
297,1992,9,9,British Grand Prix,12-07-92,,,,,,,,,,
298,1992,10,10,German Grand Prix,26-07-92,,,,,,,,,,
299,1992,11,11,Hungarian Grand Prix,16-08-92,,,,,,,,,,
300,1992,12,13,Belgian Grand Prix,30-08-92,,,,,,,,,,
301,1992,13,14,Italian Grand Prix,13-09-92,,,,,,,,,,
302,1992,14,27,Portuguese Grand Prix,27-09-92,,,,,,,,,,
303,1992,15,22,Japanese Grand Prix,25-10-92,,,,,,,,,,
304,1992,16,29,Australian Grand Prix,08-11-92,,,,,,,,,,
305,1991,1,33,United States Grand Prix,10-03-91,,,,,,,,,,
306,1991,2,18,Brazilian Grand Prix,24-03-91,,,,,,,,,,
307,1991,3,21,San Marino Grand Prix,28-04-91,,,,,,,,,,
308,1991,4,6,Monaco Grand Prix,12-05-91,,,,,,,,,,
309,1991,5,7,Canadian Grand Prix,02-06-91,,,,,,,,,,
310,1991,6,32,Mexican Grand Prix,16-06-91,,,,,,,,,,
311,1991,7,8,French Grand Prix,07-07-91,,,,,,,,,,
312,1991,8,9,British Grand Prix,14-07-91,,,,,,,,,,
313,1991,9,10,German Grand Prix,28-07-91,,,,,,,,,,
314,1991,10,11,Hungarian Grand Prix,11-08-91,,,,,,,,,,
315,1991,11,13,Belgian Grand Prix,25-08-91,,,,,,,,,,
316,1991,12,14,Italian Grand Prix,08-09-91,,,,,,,,,,
317,1991,13,27,Portuguese Grand Prix,22-09-91,,,,,,,,,,
318,1991,14,4,Spanish Grand Prix,29-09-91,,,,,,,,,,
319,1991,15,22,Japanese Grand Prix,20-10-91,,,,,,,,,,
320,1991,16,29,Australian Grand Prix,03-11-91,,,,,,,,,,
321,1990,1,33,United States Grand Prix,11-03-90,,,,,,,,,,
322,1990,2,18,Brazilian Grand Prix,25-03-90,,,,,,,,,,
323,1990,3,21,San Marino Grand Prix,13-05-90,,,,,,,,,,
324,1990,4,6,Monaco Grand Prix,27-05-90,,,,,,,,,,
325,1990,5,7,Canadian Grand Prix,10-06-90,,,,,,,,,,
326,1990,6,32,Mexican Grand Prix,24-06-90,,,,,,,,,,
327,1990,7,34,French Grand Prix,08-07-90,,,,,,,,,,
328,1990,8,9,British Grand Prix,15-07-90,,,,,,,,,,
329,1990,9,10,German Grand Prix,29-07-90,,,,,,,,,,
330,1990,10,11,Hungarian Grand Prix,12-08-90,,,,,,,,,,
331,1990,11,13,Belgian Grand Prix,26-08-90,,,,,,,,,,
332,1990,12,14,Italian Grand Prix,09-09-90,,,,,,,,,,
333,1990,13,27,Portuguese Grand Prix,23-09-90,,,,,,,,,,
334,1990,14,26,Spanish Grand Prix,30-09-90,,,,,,,,,,
335,1990,15,22,Japanese Grand Prix,21-10-90,,,,,,,,,,
336,1990,16,29,Australian Grand Prix,04-11-90,,,,,,,,,,
337,2010,1,3,Bahrain Grand Prix,14-03-10,,,,,,,,,,
338,2010,2,1,Australian Grand Prix,28-03-10,,,,,,,,,,
339,2010,3,2,Malaysian Grand Prix,04-04-10,,,,,,,,,,
340,2010,4,17,Chinese Grand Prix,18-04-10,,,,,,,,,,
341,2010,5,4,Spanish Grand Prix,09-05-10,,,,,,,,,,
342,2010,6,6,Monaco Grand Prix,16-05-10,,,,,,,,,,
343,2010,7,5,Turkish Grand Prix,30-05-10,,,,,,,,,,
344,2010,8,7,Canadian Grand Prix,13-06-10,,,,,,,,,,
345,2010,9,12,European Grand Prix,27-06-10,,,,,,,,,,
346,2010,10,9,British Grand Prix,11-07-10,,,,,,,,,,
347,2010,11,10,German Grand Prix,25-07-10,,,,,,,,,,
348,2010,12,11,Hungarian Grand Prix,01-08-10,,,,,,,,,,
349,2010,13,13,Belgian Grand Prix,29-08-10,,,,,,,,,,
350,2010,14,14,Italian Grand Prix,12-09-10,,,,,,,,,,
351,2010,15,15,Singapore Grand Prix,26-09-10,,,,,,,,,,
352,2010,16,22,Japanese Grand Prix,10-10-10,,,,,,,,,,
353,2010,17,35,Korean Grand Prix,24-10-10,,,,,,,,,,
354,2010,18,18,Brazilian Grand Prix,07-11-10,,,,,,,,,,
355,2010,19,24,Abu Dhabi Grand Prix,14-11-10,,,,,,,,,,
356,1989,1,36,Brazilian Grand Prix,26-03-89,,,,,,,,,,
357,1989,2,21,San Marino Grand Prix,23-04-89,,,,,,,,,,
358,1989,3,6,Monaco Grand Prix,07-05-89,,,,,,,,,,
359,1989,4,32,Mexican Grand Prix,28-05-89,,,,,,,,,,
360,1989,5,33,United States Grand Prix,04-06-89,,,,,,,,,,
361,1989,6,7,Canadian Grand Prix,18-06-89,,,,,,,,,,
362,1989,7,34,French Grand Prix,09-07-89,,,,,,,,,,
363,1989,8,9,British Grand Prix,16-07-89,,,,,,,,,,
364,1989,9,10,German Grand Prix,30-07-89,,,,,,,,,,
365,1989,10,11,Hungarian Grand Prix,13-08-89,,,,,,,,,,
366,1989,11,13,Belgian Grand Prix,27-08-89,,,,,,,,,,
367,1989,12,14,Italian Grand Prix,10-09-89,,,,,,,,,,
368,1989,13,27,Portuguese Grand Prix,24-09-89,,,,,,,,,,
369,1989,14,26,Spanish Grand Prix,01-10-89,,,,,,,,,,
370,1989,15,22,Japanese Grand Prix,22-10-89,,,,,,,,,,
371,1989,16,29,Australian Grand Prix,05-11-89,,,,,,,,,,
372,1988,1,36,Brazilian Grand Prix,03-04-88,,,,,,,,,,
373,1988,2,21,San Marino Grand Prix,01-05-88,,,,,,,,,,
374,1988,3,6,Monaco Grand Prix,15-05-88,,,,,,,,,,
375,1988,4,32,Mexican Grand Prix,29-05-88,,,,,,,,,,
376,1988,5,7,Canadian Grand Prix,12-06-88,,,,,,,,,,
377,1988,6,37,Detroit Grand Prix,19-06-88,,,,,,,,,,
378,1988,7,34,French Grand Prix,03-07-88,,,,,,,,,,
379,1988,8,9,British Grand Prix,10-07-88,,,,,,,,,,
380,1988,9,10,German Grand Prix,24-07-88,,,,,,,,,,
381,1988,10,11,Hungarian Grand Prix,07-08-88,,,,,,,,,,
382,1988,11,13,Belgian Grand Prix,28-08-88,,,,,,,,,,
383,1988,12,14,Italian Grand Prix,11-09-88,,,,,,,,,,
384,1988,13,27,Portuguese Grand Prix,25-09-88,,,,,,,,,,
385,1988,14,26,Spanish Grand Prix,02-10-88,,,,,,,,,,
386,1988,15,22,Japanese Grand Prix,30-10-88,,,,,,,,,,
387,1988,16,29,Australian Grand Prix,13-11-88,,,,,,,,,,
388,1987,1,36,Brazilian Grand Prix,12-04-87,,,,,,,,,,
389,1987,2,21,San Marino Grand Prix,03-05-87,,,,,,,,,,
390,1987,3,13,Belgian Grand Prix,17-05-87,,,,,,,,,,
391,1987,4,6,Monaco Grand Prix,31-05-87,,,,,,,,,,
392,1987,5,37,Detroit Grand Prix,21-06-87,,,,,,,,,,
393,1987,6,34,French Grand Prix,05-07-87,,,,,,,,,,
394,1987,7,9,British Grand Prix,12-07-87,,,,,,,,,,
395,1987,8,10,German Grand Prix,26-07-87,,,,,,,,,,
396,1987,9,11,Hungarian Grand Prix,09-08-87,,,,,,,,,,
397,1987,10,70,Austrian Grand Prix,16-08-87,,,,,,,,,,
398,1987,11,14,Italian Grand Prix,06-09-87,,,,,,,,,,
399,1987,12,27,Portuguese Grand Prix,20-09-87,,,,,,,,,,
400,1987,13,26,Spanish Grand Prix,27-09-87,,,,,,,,,,
401,1987,14,32,Mexican Grand Prix,18-10-87,,,,,,,,,,
402,1987,15,22,Japanese Grand Prix,01-11-87,,,,,,,,,,
403,1987,16,29,Australian Grand Prix,15-11-87,,,,,,,,,,
404,1986,1,36,Brazilian Grand Prix,23-03-86,,,,,,,,,,
405,1986,2,26,Spanish Grand Prix,13-04-86,,,,,,,,,,
406,1986,3,21,San Marino Grand Prix,27-04-86,,,,,,,,,,
407,1986,4,6,Monaco Grand Prix,11-05-86,,,,,,,,,,
408,1986,5,13,Belgian Grand Prix,25-05-86,,,,,,,,,,
409,1986,6,7,Canadian Grand Prix,15-06-86,,,,,,,,,,
410,1986,7,37,Detroit Grand Prix,22-06-86,,,,,,,,,,
411,1986,8,34,French Grand Prix,06-07-86,,,,,,,,,,
412,1986,9,38,British Grand Prix,13-07-86,,,,,,,,,,
413,1986,10,10,German Grand Prix,27-07-86,,,,,,,,,,
414,1986,11,11,Hungarian Grand Prix,10-08-86,,,,,,,,,,
415,1986,12,70,Austrian Grand Prix,17-08-86,,,,,,,,,,
416,1986,13,14,Italian Grand Prix,07-09-86,,,,,,,,,,
417,1986,14,27,Portuguese Grand Prix,21-09-86,,,,,,,,,,
418,1986,15,32,Mexican Grand Prix,12-10-86,,,,,,,,,,
419,1986,16,29,Australian Grand Prix,26-10-86,,,,,,,,,,
420,1985,1,36,Brazilian Grand Prix,07-04-85,,,,,,,,,,
421,1985,2,27,Portuguese Grand Prix,21-04-85,,,,,,,,,,
422,1985,3,21,San Marino Grand Prix,05-05-85,,,,,,,,,,
423,1985,4,6,Monaco Grand Prix,19-05-85,,,,,,,,,,
424,1985,5,7,Canadian Grand Prix,16-06-85,,,,,,,,,,
425,1985,6,37,Detroit Grand Prix,23-06-85,,,,,,,,,,
426,1985,7,34,French Grand Prix,07-07-85,,,,,,,,,,
427,1985,8,9,British Grand Prix,21-07-85,,,,,,,,,,
428,1985,9,20,German Grand Prix,04-08-85,,,,,,,,,,
429,1985,10,70,Austrian Grand Prix,18-08-85,,,,,,,,,,
430,1985,11,39,Dutch Grand Prix,25-08-85,,,,,,,,,,
431,1985,12,14,Italian Grand Prix,08-09-85,,,,,,,,,,
432,1985,13,13,Belgian Grand Prix,15-09-85,,,,,,,,,,
433,1985,14,38,European Grand Prix,06-10-85,,,,,,,,,,
434,1985,15,30,South African Grand Prix,19-10-85,,,,,,,,,,
435,1985,16,29,Australian Grand Prix,03-11-85,,,,,,,,,,
436,1984,1,36,Brazilian Grand Prix,25-03-84,,,,,,,,,,
437,1984,2,30,South African Grand Prix,07-04-84,,,,,,,,,,
438,1984,3,40,Belgian Grand Prix,29-04-84,,,,,,,,,,
439,1984,4,21,San Marino Grand Prix,06-05-84,,,,,,,,,,
440,1984,5,41,French Grand Prix,20-05-84,,,,,,,,,,
441,1984,6,6,Monaco Grand Prix,03-06-84,,,,,,,,,,
442,1984,7,7,Canadian Grand Prix,17-06-84,,,,,,,,,,
443,1984,8,37,Detroit Grand Prix,24-06-84,,,,,,,,,,
444,1984,9,42,Dallas Grand Prix,08-07-84,,,,,,,,,,
445,1984,10,38,British Grand Prix,22-07-84,,,,,,,,,,
446,1984,11,10,German Grand Prix,05-08-84,,,,,,,,,,
447,1984,12,70,Austrian Grand Prix,19-08-84,,,,,,,,,,
448,1984,13,39,Dutch Grand Prix,26-08-84,,,,,,,,,,
449,1984,14,14,Italian Grand Prix,09-09-84,,,,,,,,,,
450,1984,15,20,European Grand Prix,07-10-84,,,,,,,,,,
451,1984,16,27,Portuguese Grand Prix,21-10-84,,,,,,,,,,
452,1983,1,36,Brazilian Grand Prix,13-03-83,,,,,,,,,,
453,1983,2,43,United States Grand Prix West,27-03-83,,,,,,,,,,
454,1983,3,34,French Grand Prix,17-04-83,,,,,,,,,,
455,1983,4,21,San Marino Grand Prix,01-05-83,,,,,,,,,,
456,1983,5,6,Monaco Grand Prix,15-05-83,,,,,,,,,,
457,1983,6,13,Belgian Grand Prix,22-05-83,,,,,,,,,,
458,1983,7,37,Detroit Grand Prix,05-06-83,,,,,,,,,,
459,1983,8,7,Canadian Grand Prix,12-06-83,,,,,,,,,,
460,1983,9,9,British Grand Prix,16-07-83,,,,,,,,,,
461,1983,10,10,German Grand Prix,07-08-83,,,,,,,,,,
462,1983,11,70,Austrian Grand Prix,14-08-83,,,,,,,,,,
463,1983,12,39,Dutch Grand Prix,28-08-83,,,,,,,,,,
464,1983,13,14,Italian Grand Prix,11-09-83,,,,,,,,,,
465,1983,14,38,European Grand Prix,25-09-83,,,,,,,,,,
466,1983,15,30,South African Grand Prix,15-10-83,,,,,,,,,,
467,1982,1,30,South African Grand Prix,23-01-82,,,,,,,,,,
468,1982,2,36,Brazilian Grand Prix,21-03-82,,,,,,,,,,
469,1982,3,43,United States Grand Prix West,04-04-82,,,,,,,,,,
470,1982,4,21,San Marino Grand Prix,25-04-82,,,,,,,,,,
471,1982,5,40,Belgian Grand Prix,09-05-82,,,,,,,,,,
472,1982,6,6,Monaco Grand Prix,23-05-82,,,,,,,,,,
473,1982,7,37,Detroit Grand Prix,06-06-82,,,,,,,,,,
474,1982,8,7,Canadian Grand Prix,13-06-82,,,,,,,,,,
475,1982,9,39,Dutch Grand Prix,03-07-82,,,,,,,,,,
476,1982,10,38,British Grand Prix,18-07-82,,,,,,,,,,
477,1982,11,34,French Grand Prix,25-07-82,,,,,,,,,,
478,1982,12,10,German Grand Prix,08-08-82,,,,,,,,,,
479,1982,13,70,Austrian Grand Prix,15-08-82,,,,,,,,,,
480,1982,14,41,Swiss Grand Prix,29-08-82,,,,,,,,,,
481,1982,15,14,Italian Grand Prix,12-09-82,,,,,,,,,,
482,1982,16,44,Caesars Palace Grand Prix,25-09-82,,,,,,,,,,
483,1981,1,43,United States Grand Prix West,15-03-81,,,,,,,,,,
484,1981,2,36,Brazilian Grand Prix,29-03-81,,,,,,,,,,
485,1981,3,25,Argentine Grand Prix,12-04-81,,,,,,,,,,
486,1981,4,21,San Marino Grand Prix,03-05-81,,,,,,,,,,
487,1981,5,40,Belgian Grand Prix,17-05-81,,,,,,,,,,
488,1981,6,6,Monaco Grand Prix,31-05-81,,,,,,,,,,
489,1981,7,45,Spanish Grand Prix,21-06-81,,,,,,,,,,
490,1981,8,41,French Grand Prix,05-07-81,,,,,,,,,,
491,1981,9,9,British Grand Prix,18-07-81,,,,,,,,,,
492,1981,10,10,German Grand Prix,02-08-81,,,,,,,,,,
493,1981,11,70,Austrian Grand Prix,16-08-81,,,,,,,,,,
494,1981,12,39,Dutch Grand Prix,30-08-81,,,,,,,,,,
495,1981,13,14,Italian Grand Prix,13-09-81,,,,,,,,,,
496,1981,14,7,Canadian Grand Prix,27-09-81,,,,,,,,,,
497,1981,15,44,Caesars Palace Grand Prix,17-10-81,,,,,,,,,,
498,1980,1,25,Argentine Grand Prix,13-01-80,,,,,,,,,,
499,1980,2,18,Brazilian Grand Prix,27-01-80,,,,,,,,,,
500,1980,3,30,South African Grand Prix,01-03-80,,,,,,,,,,
501,1980,4,43,United States Grand Prix West,30-03-80,,,,,,,,,,
502,1980,5,40,Belgian Grand Prix,04-05-80,,,,,,,,,,
503,1980,6,6,Monaco Grand Prix,18-05-80,,,,,,,,,,
504,1980,7,34,French Grand Prix,29-06-80,,,,,,,,,,
505,1980,8,38,British Grand Prix,13-07-80,,,,,,,,,,
506,1980,9,10,German Grand Prix,10-08-80,,,,,,,,,,
507,1980,10,70,Austrian Grand Prix,17-08-80,,,,,,,,,,
508,1980,11,39,Dutch Grand Prix,31-08-80,,,,,,,,,,
509,1980,12,21,Italian Grand Prix,14-09-80,,,,,,,,,,
510,1980,13,7,Canadian Grand Prix,28-09-80,,,,,,,,,,
511,1980,14,46,United States Grand Prix,05-10-80,,,,,,,,,,
512,1979,1,25,Argentine Grand Prix,21-01-79,,,,,,,,,,
513,1979,2,18,Brazilian Grand Prix,04-02-79,,,,,,,,,,
514,1979,3,30,South African Grand Prix,03-03-79,,,,,,,,,,
515,1979,4,43,United States Grand Prix West,08-04-79,,,,,,,,,,
516,1979,5,45,Spanish Grand Prix,29-04-79,,,,,,,,,,
517,1979,6,40,Belgian Grand Prix,13-05-79,,,,,,,,,,
518,1979,7,6,Monaco Grand Prix,27-05-79,,,,,,,,,,
519,1979,8,41,French Grand Prix,01-07-79,,,,,,,,,,
520,1979,9,9,British Grand Prix,14-07-79,,,,,,,,,,
521,1979,10,10,German Grand Prix,29-07-79,,,,,,,,,,
522,1979,11,70,Austrian Grand Prix,12-08-79,,,,,,,,,,
523,1979,12,39,Dutch Grand Prix,26-08-79,,,,,,,,,,
524,1979,13,14,Italian Grand Prix,09-09-79,,,,,,,,,,
525,1979,14,7,Canadian Grand Prix,30-09-79,,,,,,,,,,
526,1979,15,46,United States Grand Prix,07-10-79,,,,,,,,,,
527,1978,1,25,Argentine Grand Prix,15-01-78,,,,,,,,,,
528,1978,2,36,Brazilian Grand Prix,29-01-78,,,,,,,,,,
529,1978,3,30,South African Grand Prix,04-03-78,,,,,,,,,,
530,1978,4,43,United States Grand Prix West,02-04-78,,,,,,,,,,
531,1978,5,6,Monaco Grand Prix,07-05-78,,,,,,,,,,
532,1978,6,40,Belgian Grand Prix,21-05-78,,,,,,,,,,
533,1978,7,45,Spanish Grand Prix,04-06-78,,,,,,,,,,
534,1978,8,47,Swedish Grand Prix,17-06-78,,,,,,,,,,
535,1978,9,34,French Grand Prix,02-07-78,,,,,,,,,,
536,1978,10,38,British Grand Prix,16-07-78,,,,,,,,,,
537,1978,11,10,German Grand Prix,30-07-78,,,,,,,,,,
538,1978,12,70,Austrian Grand Prix,13-08-78,,,,,,,,,,
539,1978,13,39,Dutch Grand Prix,27-08-78,,,,,,,,,,
540,1978,14,14,Italian Grand Prix,10-09-78,,,,,,,,,,
541,1978,15,46,United States Grand Prix,01-10-78,,,,,,,,,,
542,1978,16,7,Canadian Grand Prix,08-10-78,,,,,,,,,,
543,1977,1,25,Argentine Grand Prix,09-01-77,,,,,,,,,,
544,1977,2,18,Brazilian Grand Prix,23-01-77,,,,,,,,,,
545,1977,3,30,South African Grand Prix,05-03-77,,,,,,,,,,
546,1977,4,43,United States Grand Prix West,03-04-77,,,,,,,,,,
547,1977,5,45,Spanish Grand Prix,08-05-77,,,,,,,,,,
548,1977,6,6,Monaco Grand Prix,22-05-77,,,,,,,,,,
549,1977,7,40,Belgian Grand Prix,05-06-77,,,,,,,,,,
550,1977,8,47,Swedish Grand Prix,19-06-77,,,,,,,,,,
551,1977,9,41,French Grand Prix,03-07-77,,,,,,,,,,
552,1977,10,9,British Grand Prix,16-07-77,,,,,,,,,,
553,1977,11,10,German Grand Prix,31-07-77,,,,,,,,,,
554,1977,12,70,Austrian Grand Prix,14-08-77,,,,,,,,,,
555,1977,13,39,Dutch Grand Prix,28-08-77,,,,,,,,,,
556,1977,14,14,Italian Grand Prix,11-09-77,,,,,,,,,,
557,1977,15,46,United States Grand Prix,02-10-77,,,,,,,,,,
558,1977,16,48,Canadian Grand Prix,09-10-77,,,,,,,,,,
559,1977,17,16,Japanese Grand Prix,23-10-77,,,,,,,,,,
560,1976,1,18,Brazilian Grand Prix,25-01-76,,,,,,,,,,
561,1976,2,30,South African Grand Prix,06-03-76,,,,,,,,,,
562,1976,3,43,United States Grand Prix West,28-03-76,,,,,,,,,,
563,1976,4,45,Spanish Grand Prix,02-05-76,,,,,,,,,,
564,1976,5,40,Belgian Grand Prix,16-05-76,,,,,,,,,,
565,1976,6,6,Monaco Grand Prix,30-05-76,,,,,,,,,,
566,1976,7,47,Swedish Grand Prix,13-06-76,,,,,,,,,,
567,1976,8,34,French Grand Prix,04-07-76,,,,,,,,,,
568,1976,9,38,British Grand Prix,18-07-76,,,,,,,,,,
569,1976,10,20,German Grand Prix,01-08-76,,,,,,,,,,
570,1976,11,70,Austrian Grand Prix,15-08-76,,,,,,,,,,
571,1976,12,39,Dutch Grand Prix,29-08-76,,,,,,,,,,
572,1976,13,14,Italian Grand Prix,12-09-76,,,,,,,,,,
573,1976,14,48,Canadian Grand Prix,03-10-76,,,,,,,,,,
574,1976,15,46,United States Grand Prix,10-10-76,,,,,,,,,,
575,1976,16,16,Japanese Grand Prix,24-10-76,,,,,,,,,,
576,1975,1,25,Argentine Grand Prix,12-01-75,,,,,,,,,,
577,1975,2,18,Brazilian Grand Prix,26-01-75,,,,,,,,,,
578,1975,3,30,South African Grand Prix,01-03-75,,,,,,,,,,
579,1975,4,49,Spanish Grand Prix,27-04-75,,,,,,,,,,
580,1975,5,6,Monaco Grand Prix,11-05-75,,,,,,,,,,
581,1975,6,40,Belgian Grand Prix,25-05-75,,,,,,,,,,
582,1975,7,47,Swedish Grand Prix,08-06-75,,,,,,,,,,
583,1975,8,39,Dutch Grand Prix,22-06-75,,,,,,,,,,
584,1975,9,34,French Grand Prix,06-07-75,,,,,,,,,,
585,1975,10,9,British Grand Prix,19-07-75,,,,,,,,,,
586,1975,11,20,German Grand Prix,03-08-75,,,,,,,,,,
587,1975,12,70,Austrian Grand Prix,17-08-75,,,,,,,,,,
588,1975,13,14,Italian Grand Prix,07-09-75,,,,,,,,,,
589,1975,14,46,United States Grand Prix,05-10-75,,,,,,,,,,
590,1974,1,25,Argentine Grand Prix,13-01-74,,,,,,,,,,
591,1974,2,18,Brazilian Grand Prix,27-01-74,,,,,,,,,,
592,1974,3,30,South African Grand Prix,30-03-74,,,,,,,,,,
593,1974,4,45,Spanish Grand Prix,28-04-74,,,,,,,,,,
594,1974,5,50,Belgian Grand Prix,12-05-74,,,,,,,,,,
595,1974,6,6,Monaco Grand Prix,26-05-74,,,,,,,,,,
596,1974,7,47,Swedish Grand Prix,09-06-74,,,,,,,,,,
597,1974,8,39,Dutch Grand Prix,23-06-74,,,,,,,,,,
598,1974,9,41,French Grand Prix,07-07-74,,,,,,,,,,
599,1974,10,38,British Grand Prix,20-07-74,,,,,,,,,,
600,1974,11,20,German Grand Prix,04-08-74,,,,,,,,,,
601,1974,12,70,Austrian Grand Prix,18-08-74,,,,,,,,,,
602,1974,13,14,Italian Grand Prix,08-09-74,,,,,,,,,,
603,1974,14,48,Canadian Grand Prix,22-09-74,,,,,,,,,,
604,1974,15,46,United States Grand Prix,06-10-74,,,,,,,,,,
605,1973,1,25,Argentine Grand Prix,28-01-73,,,,,,,,,,
606,1973,2,18,Brazilian Grand Prix,11-02-73,,,,,,,,,,
607,1973,3,30,South African Grand Prix,03-03-73,,,,,,,,,,
608,1973,4,49,Spanish Grand Prix,29-04-73,,,,,,,,,,
609,1973,5,40,Belgian Grand Prix,20-05-73,,,,,,,,,,
610,1973,6,6,Monaco Grand Prix,03-06-73,,,,,,,,,,
611,1973,7,47,Swedish Grand Prix,17-06-73,,,,,,,,,,
612,1973,8,34,French Grand Prix,01-07-73,,,,,,,,,,
613,1973,9,9,British Grand Prix,14-07-73,,,,,,,,,,
614,1973,10,39,Dutch Grand Prix,29-07-73,,,,,,,,,,
615,1973,11,20,German Grand Prix,05-08-73,,,,,,,,,,
616,1973,12,70,Austrian Grand Prix,19-08-73,,,,,,,,,,
617,1973,13,14,Italian Grand Prix,09-09-73,,,,,,,,,,
618,1973,14,48,Canadian Grand Prix,23-09-73,,,,,,,,,,
619,1973,15,46,United States Grand Prix,07-10-73,,,,,,,,,,
620,1972,1,25,Argentine Grand Prix,23-01-72,,,,,,,,,,
621,1972,2,30,South African Grand Prix,04-03-72,,,,,,,,,,
622,1972,3,45,Spanish Grand Prix,01-05-72,,,,,,,,,,
623,1972,4,6,Monaco Grand Prix,14-05-72,,,,,,,,,,
624,1972,5,50,Belgian Grand Prix,04-06-72,,,,,,,,,,
625,1972,6,51,French Grand Prix,02-07-72,,,,,,,,,,
626,1972,7,38,British Grand Prix,15-07-72,,,,,,,,,,
627,1972,8,20,German Grand Prix,30-07-72,,,,,,,,,,
628,1972,9,70,Austrian Grand Prix,13-08-72,,,,,,,,,,
629,1972,10,14,Italian Grand Prix,10-09-72,,,,,,,,,,
630,1972,11,48,Canadian Grand Prix,24-09-72,,,,,,,,,,
631,1972,12,46,United States Grand Prix,08-10-72,,,,,,,,,,
632,1971,1,30,South African Grand Prix,06-03-71,,,,,,,,,,
633,1971,2,49,Spanish Grand Prix,18-04-71,,,,,,,,,,
634,1971,3,6,Monaco Grand Prix,23-05-71,,,,,,,,,,
635,1971,4,39,Dutch Grand Prix,20-06-71,,,,,,,,,,
636,1971,5,34,French Grand Prix,04-07-71,,,,,,,,,,
637,1971,6,9,British Grand Prix,17-07-71,,,,,,,,,,
638,1971,7,20,German Grand Prix,01-08-71,,,,,,,,,,
639,1971,8,70,Austrian Grand Prix,15-08-71,,,,,,,,,,
640,1971,9,14,Italian Grand Prix,05-09-71,,,,,,,,,,
641,1971,10,48,Canadian Grand Prix,19-09-71,,,,,,,,,,
642,1971,11,46,United States Grand Prix,03-10-71,,,,,,,,,,
643,1970,1,30,South African Grand Prix,07-03-70,,,,,,,,,,
644,1970,2,45,Spanish Grand Prix,19-04-70,,,,,,,,,,
645,1970,3,6,Monaco Grand Prix,10-05-70,,,,,,,,,,
646,1970,4,13,Belgian Grand Prix,07-06-70,,,,,,,,,,
647,1970,5,39,Dutch Grand Prix,21-06-70,,,,,,,,,,
648,1970,6,51,French Grand Prix,05-07-70,,,,,,,,,,
649,1970,7,38,British Grand Prix,18-07-70,,,,,,,,,,
650,1970,8,10,German Grand Prix,02-08-70,,,,,,,,,,
651,1970,9,70,Austrian Grand Prix,16-08-70,,,,,,,,,,
652,1970,10,14,Italian Grand Prix,06-09-70,,,,,,,,,,
653,1970,11,52,Canadian Grand Prix,20-09-70,,,,,,,,,,
654,1970,12,46,United States Grand Prix,04-10-70,,,,,,,,,,
655,1970,13,32,Mexican Grand Prix,25-10-70,,,,,,,,,,
656,1969,1,30,South African Grand Prix,01-03-69,,,,,,,,,,
657,1969,2,49,Spanish Grand Prix,04-05-69,,,,,,,,,,
658,1969,3,6,Monaco Grand Prix,18-05-69,,,,,,,,,,
659,1969,4,39,Dutch Grand Prix,21-06-69,,,,,,,,,,
660,1969,5,51,French Grand Prix,06-07-69,,,,,,,,,,
661,1969,6,9,British Grand Prix,19-07-69,,,,,,,,,,
662,1969,7,20,German Grand Prix,03-08-69,,,,,,,,,,
663,1969,8,14,Italian Grand Prix,07-09-69,,,,,,,,,,
664,1969,9,48,Canadian Grand Prix,20-09-69,,,,,,,,,,
665,1969,10,46,United States Grand Prix,05-10-69,,,,,,,,,,
666,1969,11,32,Mexican Grand Prix,19-10-69,,,,,,,,,,
667,1968,1,30,South African Grand Prix,01-01-68,,,,,,,,,,
668,1968,2,45,Spanish Grand Prix,12-05-68,,,,,,,,,,
669,1968,3,6,Monaco Grand Prix,26-05-68,,,,,,,,,,
670,1968,4,13,Belgian Grand Prix,09-06-68,,,,,,,,,,
671,1968,5,39,Dutch Grand Prix,23-06-68,,,,,,,,,,
672,1968,6,53,French Grand Prix,07-07-68,,,,,,,,,,
673,1968,7,38,British Grand Prix,20-07-68,,,,,,,,,,
674,1968,8,20,German Grand Prix,04-08-68,,,,,,,,,,
675,1968,9,14,Italian Grand Prix,08-09-68,,,,,,,,,,
676,1968,10,52,Canadian Grand Prix,22-09-68,,,,,,,,,,
677,1968,11,46,United States Grand Prix,06-10-68,,,,,,,,,,
678,1968,12,32,Mexican Grand Prix,03-11-68,,,,,,,,,,
679,1967,1,30,South African Grand Prix,02-01-67,,,,,,,,,,
680,1967,2,6,Monaco Grand Prix,07-05-67,,,,,,,,,,
681,1967,3,39,Dutch Grand Prix,04-06-67,,,,,,,,,,
682,1967,4,13,Belgian Grand Prix,18-06-67,,,,,,,,,,
683,1967,5,54,French Grand Prix,02-07-67,,,,,,,,,,
684,1967,6,9,British Grand Prix,15-07-67,,,,,,,,,,
685,1967,7,20,German Grand Prix,06-08-67,,,,,,,,,,
686,1967,8,48,Canadian Grand Prix,27-08-67,,,,,,,,,,
687,1967,9,14,Italian Grand Prix,10-09-67,,,,,,,,,,
688,1967,10,46,United States Grand Prix,01-10-67,,,,,,,,,,
689,1967,11,32,Mexican Grand Prix,22-10-67,,,,,,,,,,
690,1966,1,6,Monaco Grand Prix,22-05-66,,,,,,,,,,
691,1966,2,13,Belgian Grand Prix,12-06-66,,,,,,,,,,
692,1966,3,55,French Grand Prix,03-07-66,,,,,,,,,,
693,1966,4,38,British Grand Prix,16-07-66,,,,,,,,,,
694,1966,5,39,Dutch Grand Prix,24-07-66,,,,,,,,,,
695,1966,6,20,German Grand Prix,07-08-66,,,,,,,,,,
696,1966,7,14,Italian Grand Prix,04-09-66,,,,,,,,,,
697,1966,8,46,United States Grand Prix,02-10-66,,,,,,,,,,
698,1966,9,32,Mexican Grand Prix,23-10-66,,,,,,,,,,
699,1965,1,56,South African Grand Prix,01-01-65,,,,,,,,,,
700,1965,2,6,Monaco Grand Prix,30-05-65,,,,,,,,,,
701,1965,3,13,Belgian Grand Prix,13-06-65,,,,,,,,,,
702,1965,4,51,French Grand Prix,27-06-65,,,,,,,,,,
703,1965,5,9,British Grand Prix,10-07-65,,,,,,,,,,
704,1965,6,39,Dutch Grand Prix,18-07-65,,,,,,,,,,
705,1965,7,20,German Grand Prix,01-08-65,,,,,,,,,,
706,1965,8,14,Italian Grand Prix,12-09-65,,,,,,,,,,
707,1965,9,46,United States Grand Prix,03-10-65,,,,,,,,,,
708,1965,10,32,Mexican Grand Prix,24-10-65,,,,,,,,,,
709,1964,1,6,Monaco Grand Prix,10-05-64,,,,,,,,,,
710,1964,2,39,Dutch Grand Prix,24-05-64,,,,,,,,,,
711,1964,3,13,Belgian Grand Prix,14-06-64,,,,,,,,,,
712,1964,4,53,French Grand Prix,28-06-64,,,,,,,,,,
713,1964,5,38,British Grand Prix,11-07-64,,,,,,,,,,
714,1964,6,20,German Grand Prix,02-08-64,,,,,,,,,,
715,1964,7,57,Austrian Grand Prix,23-08-64,,,,,,,,,,
716,1964,8,14,Italian Grand Prix,06-09-64,,,,,,,,,,
717,1964,9,46,United States Grand Prix,04-10-64,,,,,,,,,,
718,1964,10,32,Mexican Grand Prix,25-10-64,,,,,,,,,,
719,1963,1,6,Monaco Grand Prix,26-05-63,,,,,,,,,,
720,1963,2,13,Belgian Grand Prix,09-06-63,,,,,,,,,,
721,1963,3,39,Dutch Grand Prix,23-06-63,,,,,,,,,,
722,1963,4,55,French Grand Prix,30-06-63,,,,,,,,,,
723,1963,5,9,British Grand Prix,20-07-63,,,,,,,,,,
724,1963,6,20,German Grand Prix,04-08-63,,,,,,,,,,
725,1963,7,14,Italian Grand Prix,08-09-63,,,,,,,,,,
726,1963,8,46,United States Grand Prix,06-10-63,,,,,,,,,,
727,1963,9,32,Mexican Grand Prix,27-10-63,,,,,,,,,,
728,1963,10,56,South African Grand Prix,28-12-63,,,,,,,,,,
729,1962,1,39,Dutch Grand Prix,20-05-62,,,,,,,,,,
730,1962,2,6,Monaco Grand Prix,03-06-62,,,,,,,,,,
731,1962,3,13,Belgian Grand Prix,17-06-62,,,,,,,,,,
732,1962,4,53,French Grand Prix,08-07-62,,,,,,,,,,
733,1962,5,58,British Grand Prix,21-07-62,,,,,,,,,,
734,1962,6,20,German Grand Prix,05-08-62,,,,,,,,,,
735,1962,7,14,Italian Grand Prix,16-09-62,,,,,,,,,,
736,1962,8,46,United States Grand Prix,07-10-62,,,,,,,,,,
737,1962,9,56,South African Grand Prix,29-12-62,,,,,,,,,,
738,1961,1,6,Monaco Grand Prix,14-05-61,,,,,,,,,,
739,1961,2,39,Dutch Grand Prix,22-05-61,,,,,,,,,,
740,1961,3,13,Belgian Grand Prix,18-06-61,,,,,,,,,,
741,1961,4,55,French Grand Prix,02-07-61,,,,,,,,,,
742,1961,5,58,British Grand Prix,15-07-61,,,,,,,,,,
743,1961,6,20,German Grand Prix,06-08-61,,,,,,,,,,
744,1961,7,14,Italian Grand Prix,10-09-61,,,,,,,,,,
745,1961,8,46,United States Grand Prix,08-10-61,,,,,,,,,,
746,1960,1,25,Argentine Grand Prix,07-02-60,,,,,,,,,,
747,1960,2,6,Monaco Grand Prix,29-05-60,,,,,,,,,,
748,1960,3,19,Indianapolis 500,30-05-60,,,,,,,,,,
749,1960,4,39,Dutch Grand Prix,06-06-60,,,,,,,,,,
750,1960,5,13,Belgian Grand Prix,19-06-60,,,,,,,,,,
751,1960,6,55,French Grand Prix,03-07-60,,,,,,,,,,
752,1960,7,9,British Grand Prix,16-07-60,,,,,,,,,,
753,1960,8,59,Portuguese Grand Prix,14-08-60,,,,,,,,,,
754,1960,9,14,Italian Grand Prix,04-09-60,,,,,,,,,,
755,1960,10,60,United States Grand Prix,20-11-60,,,,,,,,,,
756,1959,1,6,Monaco Grand Prix,10-05-59,,,,,,,,,,
757,1959,2,19,Indianapolis 500,30-05-59,,,,,,,,,,
758,1959,3,39,Dutch Grand Prix,31-05-59,,,,,,,,,,
759,1959,4,55,French Grand Prix,05-07-59,,,,,,,,,,
760,1959,5,58,British Grand Prix,18-07-59,,,,,,,,,,
761,1959,6,61,German Grand Prix,02-08-59,,,,,,,,,,
762,1959,7,62,Portuguese Grand Prix,23-08-59,,,,,,,,,,
763,1959,8,14,Italian Grand Prix,13-09-59,,,,,,,,,,
764,1959,9,63,United States Grand Prix,12-12-59,,,,,,,,,,
765,1958,1,25,Argentine Grand Prix,19-01-58,,,,,,,,,,
766,1958,2,6,Monaco Grand Prix,18-05-58,,,,,,,,,,
767,1958,3,39,Dutch Grand Prix,26-05-58,,,,,,,,,,
768,1958,4,19,Indianapolis 500,30-05-58,,,,,,,,,,
769,1958,5,13,Belgian Grand Prix,15-06-58,,,,,,,,,,
770,1958,6,55,French Grand Prix,06-07-58,,,,,,,,,,
771,1958,7,9,British Grand Prix,19-07-58,,,,,,,,,,
772,1958,8,20,German Grand Prix,03-08-58,,,,,,,,,,
773,1958,9,59,Portuguese Grand Prix,24-08-58,,,,,,,,,,
774,1958,10,14,Italian Grand Prix,07-09-58,,,,,,,,,,
775,1958,11,64,Moroccan Grand Prix,19-10-58,,,,,,,,,,
776,1957,1,25,Argentine Grand Prix,13-01-57,,,,,,,,,,
777,1957,2,6,Monaco Grand Prix,19-05-57,,,,,,,,,,
778,1957,3,19,Indianapolis 500,30-05-57,,,,,,,,,,
779,1957,4,53,French Grand Prix,07-07-57,,,,,,,,,,
780,1957,5,58,British Grand Prix,20-07-57,,,,,,,,,,
781,1957,6,20,German Grand Prix,04-08-57,,,,,,,,,,
782,1957,7,65,Pescara Grand Prix,18-08-57,,,,,,,,,,
783,1957,8,14,Italian Grand Prix,08-09-57,,,,,,,,,,
784,1956,1,25,Argentine Grand Prix,22-01-56,,,,,,,,,,
785,1956,2,6,Monaco Grand Prix,13-05-56,,,,,,,,,,
786,1956,3,19,Indianapolis 500,30-05-56,,,,,,,,,,
787,1956,4,13,Belgian Grand Prix,03-06-56,,,,,,,,,,
788,1956,5,55,French Grand Prix,01-07-56,,,,,,,,,,
789,1956,6,9,British Grand Prix,14-07-56,,,,,,,,,,
790,1956,7,20,German Grand Prix,05-08-56,,,,,,,,,,
791,1956,8,14,Italian Grand Prix,02-09-56,,,,,,,,,,
792,1955,1,25,Argentine Grand Prix,16-01-55,,,,,,,,,,
793,1955,2,6,Monaco Grand Prix,22-05-55,,,,,,,,,,
794,1955,3,19,Indianapolis 500,30-05-55,,,,,,,,,,
795,1955,4,13,Belgian Grand Prix,05-06-55,,,,,,,,,,
796,1955,5,39,Dutch Grand Prix,19-06-55,,,,,,,,,,
797,1955,6,58,British Grand Prix,16-07-55,,,,,,,,,,
798,1955,7,14,Italian Grand Prix,11-09-55,,,,,,,,,,
799,1954,1,25,Argentine Grand Prix,17-01-54,,,,,,,,,,
800,1954,2,19,Indianapolis 500,31-05-54,,,,,,,,,,
801,1954,3,13,Belgian Grand Prix,20-06-54,,,,,,,,,,
802,1954,4,55,French Grand Prix,04-07-54,,,,,,,,,,
803,1954,5,9,British Grand Prix,17-07-54,,,,,,,,,,
804,1954,6,20,German Grand Prix,01-08-54,,,,,,,,,,
805,1954,7,66,Swiss Grand Prix,22-08-54,,,,,,,,,,
806,1954,8,14,Italian Grand Prix,05-09-54,,,,,,,,,,
807,1954,9,67,Spanish Grand Prix,24-10-54,,,,,,,,,,
808,1953,1,25,Argentine Grand Prix,18-01-53,,,,,,,,,,
809,1953,2,19,Indianapolis 500,30-05-53,,,,,,,,,,
810,1953,3,39,Dutch Grand Prix,07-06-53,,,,,,,,,,
811,1953,4,13,Belgian Grand Prix,21-06-53,,,,,,,,,,
812,1953,5,55,French Grand Prix,05-07-53,,,,,,,,,,
813,1953,6,9,British Grand Prix,18-07-53,,,,,,,,,,
814,1953,7,20,German Grand Prix,02-08-53,,,,,,,,,,
815,1953,8,66,Swiss Grand Prix,23-08-53,,,,,,,,,,
816,1953,9,14,Italian Grand Prix,13-09-53,,,,,,,,,,
817,1952,1,66,Swiss Grand Prix,18-05-52,,,,,,,,,,
818,1952,2,19,Indianapolis 500,30-05-52,,,,,,,,,,
819,1952,3,13,Belgian Grand Prix,22-06-52,,,,,,,,,,
820,1952,4,53,French Grand Prix,06-07-52,,,,,,,,,,
821,1952,5,9,British Grand Prix,19-07-52,,,,,,,,,,
822,1952,6,20,German Grand Prix,03-08-52,,,,,,,,,,
823,1952,7,39,Dutch Grand Prix,17-08-52,,,,,,,,,,
824,1952,8,14,Italian Grand Prix,07-09-52,,,,,,,,,,
825,1951,1,66,Swiss Grand Prix,27-05-51,,,,,,,,,,
826,1951,2,19,Indianapolis 500,30-05-51,,,,,,,,,,
827,1951,3,13,Belgian Grand Prix,17-06-51,,,,,,,,,,
828,1951,4,55,French Grand Prix,01-07-51,,,,,,,,,,
829,1951,5,9,British Grand Prix,14-07-51,,,,,,,,,,
830,1951,6,20,German Grand Prix,29-07-51,,,,,,,,,,
831,1951,7,14,Italian Grand Prix,16-09-51,,,,,,,,,,
832,1951,8,67,Spanish Grand Prix,28-10-51,,,,,,,,,,
833,1950,1,9,British Grand Prix,13-05-50,,,,,,,,,,
834,1950,2,6,Monaco Grand Prix,21-05-50,,,,,,,,,,
835,1950,3,19,Indianapolis 500,30-05-50,,,,,,,,,,
836,1950,4,66,Swiss Grand Prix,04-06-50,,,,,,,,,,
837,1950,5,13,Belgian Grand Prix,18-06-50,,,,,,,,,,
838,1950,6,55,French Grand Prix,02-07-50,,,,,,,,,,
839,1950,7,14,Italian Grand Prix,03-09-50,,,,,,,,,,
841,2011,1,1,Australian Grand Prix,27-03-11,,,,,,,,,,
842,2011,2,2,Malaysian Grand Prix,10-04-11,,,,,,,,,,
843,2011,3,17,Chinese Grand Prix,17-04-11,,,,,,,,,,
844,2011,4,5,Turkish Grand Prix,08-05-11,,,,,,,,,,
845,2011,5,4,Spanish Grand Prix,22-05-11,,,,,,,,,,
846,2011,6,6,Monaco Grand Prix,29-05-11,,,,,,,,,,
847,2011,7,7,Canadian Grand Prix,12-06-11,,,,,,,,,,
848,2011,8,12,European Grand Prix,26-06-11,,,,,,,,,,
849,2011,9,9,British Grand Prix,10-07-11,,,,,,,,,,
850,2011,10,20,German Grand Prix,24-07-11,,,,,,,,,,
851,2011,11,11,Hungarian Grand Prix,31-07-11,,,,,,,,,,
852,2011,12,13,Belgian Grand Prix,28-08-11,,,,,,,,,,
853,2011,13,14,Italian Grand Prix,11-09-11,,,,,,,,,,
854,2011,14,15,Singapore Grand Prix,25-09-11,,,,,,,,,,
855,2011,15,22,Japanese Grand Prix,09-10-11,,,,,,,,,,
856,2011,16,35,Korean Grand Prix,16-10-11,,,,,,,,,,
857,2011,17,68,Indian Grand Prix,30-10-11,,,,,,,,,,
858,2011,18,24,Abu Dhabi Grand Prix,13-11-11,,,,,,,,,,
859,2011,19,18,Brazilian Grand Prix,27-11-11,,,,,,,,,,
860,2012,1,1,Australian Grand Prix,18-03-12,,,,,,,,,,
861,2012,2,2,Malaysian Grand Prix,25-03-12,,,,,,,,,,
862,2012,3,17,Chinese Grand Prix,15-04-12,,,,,,,,,,
863,2012,4,3,Bahrain Grand Prix,22-04-12,,,,,,,,,,
864,2012,5,4,Spanish Grand Prix,13-05-12,,,,,,,,,,
865,2012,6,6,Monaco Grand Prix,27-05-12,,,,,,,,,,
866,2012,7,7,Canadian Grand Prix,10-06-12,,,,,,,,,,
867,2012,8,12,European Grand Prix,24-06-12,,,,,,,,,,
868,2012,9,9,British Grand Prix,08-07-12,,,,,,,,,,
869,2012,10,10,German Grand Prix,22-07-12,,,,,,,,,,
870,2012,11,11,Hungarian Grand Prix,29-07-12,,,,,,,,,,
871,2012,12,13,Belgian Grand Prix,02-09-12,,,,,,,,,,
872,2012,13,14,Italian Grand Prix,09-09-12,,,,,,,,,,
873,2012,14,15,Singapore Grand Prix,23-09-12,,,,,,,,,,
874,2012,15,22,Japanese Grand Prix,07-10-12,,,,,,,,,,
875,2012,16,35,Korean Grand Prix,14-10-12,,,,,,,,,,
876,2012,17,68,Indian Grand Prix,28-10-12,,,,,,,,,,
877,2012,18,24,Abu Dhabi Grand Prix,04-11-12,,,,,,,,,,
878,2012,19,69,United States Grand Prix,18-11-12,,,,,,,,,,
879,2012,20,18,Brazilian Grand Prix,25-11-12,,,,,,,,,,
880,2013,1,1,Australian Grand Prix,17-03-13,,,,,,,,,,
881,2013,2,2,Malaysian Grand Prix,24-03-13,,,,,,,,,,
882,2013,3,17,Chinese Grand Prix,14-04-13,,,,,,,,,,
883,2013,4,3,Bahrain Grand Prix,21-04-13,,,,,,,,,,
884,2013,5,4,Spanish Grand Prix,12-05-13,,,,,,,,,,
885,2013,6,6,Monaco Grand Prix,26-05-13,,,,,,,,,,
886,2013,7,7,Canadian Grand Prix,09-06-13,,,,,,,,,,
887,2013,8,9,British Grand Prix,30-06-13,,,,,,,,,,
888,2013,9,20,German Grand Prix,07-07-13,,,,,,,,,,
890,2013,10,11,Hungarian Grand Prix,28-07-13,,,,,,,,,,
891,2013,11,13,Belgian Grand Prix,25-08-13,,,,,,,,,,
892,2013,12,14,Italian Grand Prix,08-09-13,,,,,,,,,,
893,2013,13,15,Singapore Grand Prix,22-09-13,,,,,,,,,,
894,2013,14,35,Korean Grand Prix,06-10-13,,,,,,,,,,
895,2013,15,22,Japanese Grand Prix,13-10-13,,,,,,,,,,
896,2013,16,68,Indian Grand Prix,27-10-13,,,,,,,,,,
897,2013,17,24,Abu Dhabi Grand Prix,03-11-13,,,,,,,,,,
898,2013,18,69,United States Grand Prix,17-11-13,,,,,,,,,,
899,2013,19,18,Brazilian Grand Prix,24-11-13,,,,,,,,,,
900,2014,1,1,Australian Grand Prix,16-03-14,,,,,,,,,,
901,2014,2,2,Malaysian Grand Prix,30-03-14,,,,,,,,,,
902,2014,3,3,Bahrain Grand Prix,06-04-14,,,,,,,,,,
903,2014,4,17,Chinese Grand Prix,20-04-14,,,,,,,,,,
904,2014,5,4,Spanish Grand Prix,11-05-14,,,,,,,,,,
905,2014,6,6,Monaco Grand Prix,25-05-14,,,,,,,,,,
906,2014,7,7,Canadian Grand Prix,08-06-14,,,,,,,,,,
907,2014,8,70,Austrian Grand Prix,22-06-14,,,,,,,,,,
908,2014,9,9,British Grand Prix,06-07-14,,,,,,,,,,
909,2014,10,10,German Grand Prix,20-07-14,,,,,,,,,,
910,2014,11,11,Hungarian Grand Prix,27-07-14,,,,,,,,,,
911,2014,12,13,Belgian Grand Prix,24-08-14,,,,,,,,,,
912,2014,13,14,Italian Grand Prix,07-09-14,,,,,,,,,,
913,2014,14,15,Singapore Grand Prix,21-09-14,,,,,,,,,,
914,2014,15,22,Japanese Grand Prix,05-10-14,,,,,,,,,,
915,2014,16,71,Russian Grand Prix,12-10-14,,,,,,,,,,
916,2014,17,69,United States Grand Prix,02-11-14,,,,,,,,,,
917,2014,18,18,Brazilian Grand Prix,09-11-14,,,,,,,,,,
918,2014,19,24,Abu Dhabi Grand Prix,23-11-14,,,,,,,,,,
931,2015,6,6,Monaco Grand Prix,24-05-15,,,,,,,,,,
932,2015,7,7,Canadian Grand Prix,07-06-15,,,,,,,,,,
929,2015,4,3,Bahrain Grand Prix,19-04-15,,,,,,,,,,
930,2015,5,4,Spanish Grand Prix,10-05-15,,,,,,,,,,
928,2015,3,17,Chinese Grand Prix,12-04-15,,,,,,,,,,
926,2015,1,1,Australian Grand Prix,15-03-15,,,,,,,,,,
927,2015,2,2,Malaysian Grand Prix,29-03-15,,,,,,,,,,
933,2015,8,70,Austrian Grand Prix,21-06-15,,,,,,,,,,
934,2015,9,9,British Grand Prix,05-07-15,,,,,,,,,,
936,2015,10,11,Hungarian Grand Prix,26-07-15,,,,,,,,,,
937,2015,11,13,Belgian Grand Prix,23-08-15,,,,,,,,,,
938,2015,12,14,Italian Grand Prix,06-09-15,,,,,,,,,,
939,2015,13,15,Singapore Grand Prix,20-09-15,,,,,,,,,,
940,2015,14,22,Japanese Grand Prix,27-09-15,,,,,,,,,,
941,2015,15,71,Russian Grand Prix,11-10-15,,,,,,,,,,
942,2015,16,69,United States Grand Prix,25-10-15,,,,,,,,,,
943,2015,17,32,Mexican Grand Prix,01-11-15,,,,,,,,,,
944,2015,18,18,Brazilian Grand Prix,15-11-15,,,,,,,,,,
945,2015,19,24,Abu Dhabi Grand Prix,29-11-15,,,,,,,,,,
948,2016,1,1,Australian Grand Prix,20-03-16,,,,,,,,,,
949,2016,2,3,Bahrain Grand Prix,03-04-16,,,,,,,,,,
950,2016,3,17,Chinese Grand Prix,17-04-16,,,,,,,,,,
951,2016,4,71,Russian Grand Prix,01-05-16,,,,,,,,,,
952,2016,5,4,Spanish Grand Prix,15-05-16,,,,,,,,,,
953,2016,6,6,Monaco Grand Prix,29-05-16,,,,,,,,,,
954,2016,7,7,Canadian Grand Prix,12-06-16,,,,,,,,,,
955,2016,8,73,European Grand Prix,19-06-16,,,,,,,,,,
956,2016,9,70,Austrian Grand Prix,03-07-16,,,,,,,,,,
957,2016,10,9,British Grand Prix,10-07-16,,,,,,,,,,
958,2016,11,11,Hungarian Grand Prix,24-07-16,,,,,,,,,,
959,2016,12,10,German Grand Prix,31-07-16,,,,,,,,,,
960,2016,13,13,Belgian Grand Prix,28-08-16,,,,,,,,,,
961,2016,14,14,Italian Grand Prix,04-09-16,,,,,,,,,,
962,2016,15,15,Singapore Grand Prix,18-09-16,,,,,,,,,,
963,2016,16,2,Malaysian Grand Prix,02-10-16,,,,,,,,,,
964,2016,17,22,Japanese Grand Prix,09-10-16,,,,,,,,,,
965,2016,18,69,United States Grand Prix,23-10-16,,,,,,,,,,
966,2016,19,32,Mexican Grand Prix,30-10-16,,,,,,,,,,
967,2016,20,18,Brazilian Grand Prix,13-11-16,,,,,,,,,,
968,2016,21,24,Abu Dhabi Grand Prix,27-11-16,,,,,,,,,,
969,2017,1,1,Australian Grand Prix,26-03-17,,,,,,,,,,
970,2017,2,17,Chinese Grand Prix,09-04-17,,,,,,,,,,
971,2017,3,3,Bahrain Grand Prix,16-04-17,,,,,,,,,,
972,2017,4,71,Russian Grand Prix,30-04-17,,,,,,,,,,
973,2017,5,4,Spanish Grand Prix,14-05-17,,,,,,,,,,
974,2017,6,6,Monaco Grand Prix,28-05-17,,,,,,,,,,
975,2017,7,7,Canadian Grand Prix,11-06-17,,,,,,,,,,
976,2017,8,73,Azerbaijan Grand Prix,25-06-17,,,,,,,,,,
977,2017,9,70,Austrian Grand Prix,09-07-17,,,,,,,,,,
978,2017,10,9,British Grand Prix,16-07-17,,,,,,,,,,
979,2017,11,11,Hungarian Grand Prix,30-07-17,,,,,,,,,,
980,2017,12,13,Belgian Grand Prix,27-08-17,,,,,,,,,,
981,2017,13,14,Italian Grand Prix,03-09-17,,,,,,,,,,
982,2017,14,15,Singapore Grand Prix,17-09-17,,,,,,,,,,
983,2017,15,2,Malaysian Grand Prix,01-10-17,,,,,,,,,,
984,2017,16,22,Japanese Grand Prix,08-10-17,,,,,,,,,,
985,2017,17,69,United States Grand Prix,22-10-17,,,,,,,,,,
986,2017,18,32,Mexican Grand Prix,29-10-17,,,,,,,,,,
987,2017,19,18,Brazilian Grand Prix,12-11-17,,,,,,,,,,
988,2017,20,24,Abu Dhabi Grand Prix,26-11-17,,,,,,,,,,
989,2018,1,1,Australian Grand Prix,25-03-18,,,,,,,,,,
990,2018,2,3,Bahrain Grand Prix,08-04-18,,,,,,,,,,
991,2018,3,17,Chinese Grand Prix,15-04-18,,,,,,,,,,
992,2018,4,73,Azerbaijan Grand Prix,29-04-18,,,,,,,,,,
993,2018,5,4,Spanish Grand Prix,13-05-18,,,,,,,,,,
994,2018,6,6,Monaco Grand Prix,27-05-18,,,,,,,,,,
995,2018,7,7,Canadian Grand Prix,10-06-18,,,,,,,,,,
996,2018,8,34,French Grand Prix,24-06-18,,,,,,,,,,
997,2018,9,70,Austrian Grand Prix,01-07-18,,,,,,,,,,
998,2018,10,9,British Grand Prix,08-07-18,,,,,,,,,,
999,2018,11,10,German Grand Prix,22-07-18,,,,,,,,,,
1000,2018,12,11,Hungarian Grand Prix,29-07-18,,,,,,,,,,
1001,2018,13,13,Belgian Grand Prix,26-08-18,,,,,,,,,,
1002,2018,14,14,Italian Grand Prix,02-09-18,,,,,,,,,,
1003,2018,15,15,Singapore Grand Prix,16-09-18,,,,,,,,,,
1004,2018,16,71,Russian Grand Prix,30-09-18,,,,,,,,,,
1005,2018,17,22,Japanese Grand Prix,07-10-18,,,,,,,,,,
1006,2018,18,69,United States Grand Prix,21-10-18,,,,,,,,,,
1007,2018,19,32,Mexican Grand Prix,28-10-18,,,,,,,,,,
1008,2018,20,18,Brazilian Grand Prix,11-11-18,,,,,,,,,,
1009,2018,21,24,Abu Dhabi Grand Prix,25-11-18,,,,,,,,,,
1010,2019,1,1,Australian Grand Prix,17-03-19,,,,,,,,,,
1011,2019,2,3,Bahrain Grand Prix,31-03-19,,,,,,,,,,
1012,2019,3,17,Chinese Grand Prix,14-04-19,,,,,,,,,,
1013,2019,4,73,Azerbaijan Grand Prix,28-04-19,,,,,,,,,,
1014,2019,5,4,Spanish Grand Prix,12-05-19,,,,,,,,,,
1015,2019,6,6,Monaco Grand Prix,26-05-19,,,,,,,,,,
1016,2019,7,7,Canadian Grand Prix,09-06-19,,,,,,,,,,
1017,2019,8,34,French Grand Prix,23-06-19,,,,,,,,,,
1018,2019,9,70,Austrian Grand Prix,30-06-19,,,,,,,,,,
1019,2019,10,9,British Grand Prix,14-07-19,,,,,,,,,,
1020,2019,11,10,German Grand Prix,28-07-19,,,,,,,,,,
1021,2019,12,11,Hungarian Grand Prix,04-08-19,,,,,,,,,,
1022,2019,13,13,Belgian Grand Prix,01-09-19,,,,,,,,,,
1023,2019,14,14,Italian Grand Prix,08-09-19,,,,,,,,,,
1024,2019,15,15,Singapore Grand Prix,22-09-19,,,,,,,,,,
1025,2019,16,71,Russian Grand Prix,29-09-19,,,,,,,,,,
1026,2019,17,22,Japanese Grand Prix,13-10-19,,,,,,,,,,
1027,2019,18,32,Mexican Grand Prix,27-10-19,,,,,,,,,,
1028,2019,19,69,United States Grand Prix,03-11-19,,,,,,,,,,
1029,2019,20,18,Brazilian Grand Prix,17-11-19,,,,,,,,,,
1030,2019,21,24,Abu Dhabi Grand Prix,01-12-19,,,,,,,,,,
1031,2020,1,70,Austrian Grand Prix,05-07-20,,,,,,,,,,
1032,2020,2,70,Styrian Grand Prix,12-07-20,,,,,,,,,,
1033,2020,3,11,Hungarian Grand Prix,19-07-20,,,,,,,,,,
1034,2020,4,9,British Grand Prix,02-08-20,,,,,,,,,,
1035,2020,5,9,70th Anniversary Grand Prix,09-08-20,,,,,,,,,,
1036,2020,6,4,Spanish Grand Prix,16-08-20,,,,,,,,,,
1037,2020,7,13,Belgian Grand Prix,30-08-20,,,,,,,,,,
1038,2020,8,14,Italian Grand Prix,06-09-20,,,,,,,,,,
1039,2020,9,76,Tuscan Grand Prix,13-09-20,,,,,,,,,,
1040,2020,10,71,Russian Grand Prix,27-09-20,,,,,,,,,,
1041,2020,11,20,Eifel Grand Prix,11-10-20,,,,,,,,,,
1042,2020,12,75,Portuguese Grand Prix,25-10-20,,,,,,,,,,
1043,2020,13,21,Emilia Romagna Grand Prix,01-11-20,,,,,,,,,,
1044,2020,14,5,Turkish Grand Prix,15-11-20,,,,,,,,,,
1045,2020,15,3,Bahrain Grand Prix,29-11-20,,,,,,,,,,
1046,2020,16,3,Sakhir Grand Prix,06-12-20,,,,,,,,,,
1047,2020,17,24,Abu Dhabi Grand Prix,13-12-20,,,,,,,,,,
1053,2021,2,21,Emilia Romagna Grand Prix,18-04-21,16-04-21,,16-04-21,,17-04-21,,17-04-21,,,
1074,2022,1,3,Bahrain Grand Prix,20-03-22,18-03-22,12:00:00,18-03-22,15:00:00,19-03-22,12:00:00,19-03-22,15:00:00,,
1052,2021,1,3,Bahrain Grand Prix,28-03-21,26-03-21,,26-03-21,,27-03-21,,27-03-21,,,
1051,2021,20,78,Qatar Grand Prix,21-11-21,19-11-21,,19-11-21,,20-11-21,,20-11-21,,,
1054,2021,3,75,Portuguese Grand Prix,02-05-21,30-04-21,,30-04-21,,01-05-21,,01-05-21,,,
1055,2021,4,4,Spanish Grand Prix,09-05-21,07-05-21,,07-05-21,,08-05-21,,08-05-21,,,
1056,2021,5,6,Monaco Grand Prix,23-05-21,21-05-21,,21-05-21,,22-05-21,,22-05-21,,,
1057,2021,6,73,Azerbaijan Grand Prix,06-06-21,04-06-21,,04-06-21,,05-06-21,,05-06-21,,,
1058,2021,8,70,Styrian Grand Prix,27-06-21,25-06-21,,25-06-21,,26-06-21,,26-06-21,,,
1059,2021,7,34,French Grand Prix,20-06-21,18-06-21,,18-06-21,,19-06-21,,19-06-21,,,
1060,2021,9,70,Austrian Grand Prix,04-07-21,02-07-21,,02-07-21,,03-07-21,,03-07-21,,,
1061,2021,10,9,British Grand Prix,18-07-21,16-07-21,,17-07-21,,,,16-07-21,,17-07-21,
1062,2021,11,11,Hungarian Grand Prix,01-08-21,30-07-21,,30-07-21,,31-07-21,,31-07-21,,,
1063,2021,12,13,Belgian Grand Prix,29-08-21,27-08-21,,27-08-21,,28-08-21,,28-08-21,,,
1064,2021,13,39,Dutch Grand Prix,05-09-21,03-09-21,,03-09-21,,04-09-21,,04-09-21,,,
1065,2021,14,14,Italian Grand Prix,12-09-21,10-09-21,,11-09-21,,,,10-09-21,,11-09-21,
1066,2021,15,71,Russian Grand Prix,26-09-21,24-09-21,,24-09-21,,25-09-21,,25-09-21,,,
1067,2021,16,5,Turkish Grand Prix,10-10-21,08-10-21,,08-10-21,,09-10-21,,09-10-21,,,
1069,2021,17,69,United States Grand Prix,24-10-21,22-10-21,,22-10-21,,23-10-21,,23-10-21,,,
1070,2021,18,32,Mexico City Grand Prix,07-11-21,05-11-21,,05-11-21,,06-11-21,,06-11-21,,,
1071,2021,19,18,So Paulo Grand Prix,14-11-21,12-11-21,,13-11-21,,,,12-11-21,,13-11-21,
1072,2021,21,77,Saudi Arabian Grand Prix,05-12-21,03-12-21,,03-12-21,,04-12-21,,04-12-21,,,
1073,2021,22,24,Abu Dhabi Grand Prix,12-12-21,10-12-21,,10-12-21,,11-12-21,,11-12-21,,,
1075,2022,2,77,Saudi Arabian Grand Prix,27-03-22,25-03-22,14:00:00,25-03-22,17:00:00,26-03-22,14:00:00,26-03-22,17:00:00,,
1076,2022,3,1,Australian Grand Prix,10-04-22,08-04-22,3:00:00,08-04-22,6:00:00,09-04-22,3:00:00,09-04-22,6:00:00,,
1077,2022,4,21,Emilia Romagna Grand Prix,24-04-22,22-04-22,11:30:00,23-04-22,10:30:00,,,22-04-22,15:00:00,23-04-22,14:30:00
1078,2022,5,79,Miami Grand Prix,08-05-22,06-05-22,18:30:00,06-05-22,21:30:00,07-05-22,17:00:00,07-05-22,20:00:00,,
1079,2022,6,4,Spanish Grand Prix,22-05-22,20-05-22,12:00:00,20-05-22,15:00:00,21-05-22,11:00:00,21-05-22,14:00:00,,
1080,2022,7,6,Monaco Grand Prix,29-05-22,27-05-22,12:00:00,27-05-22,15:00:00,28-05-22,11:00:00,28-05-22,14:00:00,,
1081,2022,8,73,Azerbaijan Grand Prix,12-06-22,10-06-22,11:00:00,10-06-22,14:00:00,11-06-22,11:00:00,11-06-22,14:00:00,,
1082,2022,9,7,Canadian Grand Prix,19-06-22,17-06-22,18:00:00,17-06-22,21:00:00,18-06-22,17:00:00,18-06-22,20:00:00,,
1083,2022,10,9,British Grand Prix,03-07-22,01-07-22,12:00:00,01-07-22,15:00:00,02-07-22,11:00:00,02-07-22,14:00:00,,
1084,2022,11,70,Austrian Grand Prix,10-07-22,08-07-22,11:30:00,09-07-22,10:30:00,,,08-07-22,15:00:00,09-07-22,14:30:00
1085,2022,12,34,French Grand Prix,24-07-22,22-07-22,12:00:00,22-07-22,15:00:00,23-07-22,11:00:00,23-07-22,14:00:00,,
1086,2022,13,11,Hungarian Grand Prix,31-07-22,29-07-22,12:00:00,29-07-22,15:00:00,30-07-22,11:00:00,30-07-22,14:00:00,,
1087,2022,14,13,Belgian Grand Prix,28-08-22,26-08-22,12:00:00,26-08-22,15:00:00,27-08-22,11:00:00,27-08-22,14:00:00,,
1088,2022,15,39,Dutch Grand Prix,04-09-22,02-09-22,10:30:00,02-09-22,14:00:00,03-09-22,10:00:00,03-09-22,13:00:00,,
1089,2022,16,14,Italian Grand Prix,11-09-22,09-09-22,12:00:00,09-09-22,15:00:00,10-09-22,11:00:00,10-09-22,14:00:00,,
1091,2022,17,15,Singapore Grand Prix,02-10-22,30-09-22,10:00:00,30-09-22,13:00:00,01-10-22,10:00:00,01-10-22,13:00:00,,
1092,2022,18,22,Japanese Grand Prix,09-10-22,07-10-22,3:00:00,07-10-22,6:00:00,08-10-22,3:00:00,08-10-22,6:00:00,,
1093,2022,19,69,United States Grand Prix,23-10-22,21-10-22,19:00:00,21-10-22,22:00:00,22-10-22,19:00:00,22-10-22,22:00:00,,
1094,2022,20,32,Mexico City Grand Prix,30-10-22,28-10-22,18:00:00,28-10-22,21:00:00,29-10-22,17:00:00,29-10-22,20:00:00,,
1095,2022,21,18,Brazilian Grand Prix,13-11-22,11-11-22,15:30:00,12-11-22,15:30:00,,,11-11-22,19:00:00,12-11-22,19:30:00
1096,2022,22,24,Abu Dhabi Grand Prix,20-11-22,18-11-22,10:00:00,18-11-22,13:00:00,19-11-22,11:00:00,19-11-22,14:00:00,,
1098,2023,1,3,Bahrain Grand Prix,05-03-23,03-03-23,11:30:00,03-03-23,15:00:00,04-03-23,11:30:00,04-03-23,15:00:00,,
1099,2023,2,77,Saudi Arabian Grand Prix,19-03-23,17-03-23,13:30:00,17-03-23,17:00:00,18-03-23,13:30:00,18-03-23,17:00:00,,
1100,2023,3,1,Australian Grand Prix,02-04-23,31-03-23,1:30:00,31-03-23,5:00:00,01-04-23,1:30:00,01-04-23,5:00:00,,
1101,2023,4,73,Azerbaijan Grand Prix,30-04-23,28-04-23,9:30:00,29-04-23,9:30:00,,,28-04-23,13:00:00,29-04-23,13:30:00
1102,2023,5,79,Miami Grand Prix,07-05-23,05-05-23,18:00:00,05-05-23,21:30:00,06-05-23,16:30:00,06-05-23,20:00:00,,
1104,2023,6,6,Monaco Grand Prix,28-05-23,26-05-23,11:30:00,26-05-23,15:00:00,27-05-23,10:30:00,27-05-23,14:00:00,,
1105,2023,7,4,Spanish Grand Prix,04-06-23,02-06-23,11:30:00,02-06-23,15:00:00,03-06-23,10:30:00,03-06-23,14:00:00,,
1106,2023,8,7,Canadian Grand Prix,18-06-23,16-06-23,17:30:00,16-06-23,21:00:00,17-06-23,16:30:00,17-06-23,20:00:00,,
1107,2023,9,70,Austrian Grand Prix,02-07-23,30-06-23,11:30:00,01-07-23,10:30:00,,,30-06-23,15:00:00,01-07-23,14:30:00
1108,2023,10,9,British Grand Prix,09-07-23,07-07-23,11:30:00,07-07-23,15:00:00,08-07-23,10:30:00,08-07-23,14:00:00,,
1109,2023,11,11,Hungarian Grand Prix,23-07-23,21-07-23,11:30:00,21-07-23,15:00:00,22-07-23,10:30:00,22-07-23,14:00:00,,
1110,2023,12,13,Belgian Grand Prix,30-07-23,28-07-23,11:30:00,29-07-23,10:30:00,,,28-07-23,15:00:00,29-07-23,14:30:00
1111,2023,13,39,Dutch Grand Prix,27-08-23,25-08-23,10:30:00,25-08-23,14:00:00,26-08-23,9:30:00,26-08-23,13:00:00,,
1112,2023,14,14,Italian Grand Prix,03-09-23,01-09-23,11:30:00,01-09-23,15:00:00,02-09-23,10:30:00,02-09-23,14:00:00,,
1113,2023,15,15,Singapore Grand Prix,17-09-23,15-09-23,9:30:00,15-09-23,13:00:00,16-09-23,9:30:00,16-09-23,13:00:00,,
1114,2023,16,22,Japanese Grand Prix,24-09-23,22-09-23,2:30:00,22-09-23,6:00:00,23-09-23,2:30:00,23-09-23,6:00:00,,
1115,2023,17,78,Qatar Grand Prix,08-10-23,06-10-23,10:30:00,07-10-23,10:30:00,,,06-10-23,14:00:00,07-10-23,14:30:00
1116,2023,18,69,United States Grand Prix,22-10-23,20-10-23,17:30:00,21-10-23,18:00:00,,,20-10-23,21:00:00,21-10-23,22:00:00
1117,2023,19,32,Mexico City Grand Prix,29-10-23,27-10-23,18:30:00,27-10-23,22:00:00,28-10-23,17:30:00,28-10-23,21:00:00,,
1118,2023,20,18,So Paulo Grand Prix,05-11-23,03-11-23,14:30:00,04-11-23,14:30:00,,,03-11-23,18:00:00,04-11-23,18:30:00
1119,2023,21,80,Las Vegas Grand Prix,19-11-23,17-11-23,4:30:00,17-11-23,8:00:00,18-11-23,4:30:00,18-11-23,8:00:00,,
1120,2023,22,24,Abu Dhabi Grand Prix,26-11-23,24-11-23,9:30:00,24-11-23,13:00:00,25-11-23,10:30:00,25-11-23,14:00:00,,
